Año,Ingresos_InternetFijo,Ingresos_TelefoniaMovil
2014,0.0,0.0
2015,46.9518338602402,18.375858431563262
2016,33.61060478255953,25.277990692262954
2017,47.657806596726424,28.660043929947054
2018,50.079740173245234,20.325173979723733
2019,45.73920507418978,39.10504699799646
2020,47.03482603267617,33.141987432823086
2021,28.05799530731623,43.5027180387676
2022,11.994930784752068,3.27489070840139
